<?xml version="1.0" encoding="UTF-8"?>
<project-private xmlns="http://www.netbeans.org/ns/project-private/1">
    <editor-bookmarks xmlns="http://www.netbeans.org/ns/editor-bookmarks/2" lastBookmarkId="0"/>
    <open-files xmlns="http://www.netbeans.org/ns/projectui-open-files/2">
        <group>
            <file>file:/D:/FPOLY/du%20an%201/QUANLYDIEMSINHVIEN/src/VIEW/Main.java</file>
            <file>file:/D:/FPOLY/du%20an%201/QUANLYDIEMSINHVIEN/src/VIEW/DangKi.java</file>
            <file>file:/D:/FPOLY/du%20an%201/QUANLYDIEMSINHVIEN/src/VIEW/Login.java</file>
            <file>file:/D:/FPOLY/du%20an%201/QUANLYDIEMSINHVIEN/src/VIEW/doimatkhau.java</file>
        </group>
    </open-files>
</project-private>
